"My Database","db-mysql-lon1-83723-do-user-12354957-0.b.db.ondigitalocean.com","25060","invoice"
"Test 2","142.93.46.183","3306","invoice"
"Test 3","142.93.46.183","3306","invoice"
"Test 1","142.93.46.183","3306","invoice"
"Test 2","142.93.46.183","3306","invoice"
"Test 3","142.93.46.183","3306","invoice"
"Test 1","142.93.46.183","3306","invoice"
"Test 2","142.93.46.183","3306","invoice"
"Test 3","142.93.46.183","3306","invoice"
"Test 1","142.93.46.183","3306","invoice"
"Test 2","142.93.46.183","3306","invoice"
"Test 3","142.93.46.183","3306","invoice"
"Test 1","142.93.46.183","3306","invoice"
"Test 2","142.93.46.183","3306","invoice"
"Test 3","142.93.46.183","3306","invoice"
"Test 1","142.93.46.183","3306","invoice"
"Test 2","142.93.46.183","3306","invoice"
"Test 3","142.93.46.183","3306","invoice"
"Test 1","142.93.46.183","3306","invoice"
"Test 2","142.93.46.183","3306","invoice"
"Test 3","142.93.46.183","3306","invoice"
"Test 1","142.93.46.183","3306","invoice"
"Test 2","142.93.46.183","3306","invoice"
"Test 3","142.93.46.183","3306","invoice"
"Test 1","142.93.46.183","3306","invoice"
"Test 2","142.93.46.183","3306","invoice"
"Test 3","142.93.46.183","3306","invoice"
"Test 1","142.93.46.183","3306","invoice"
"Test 2","142.93.46.183","3306","invoice"
"Test 3","142.93.46.183","3306","invoice"
"Test 1","142.93.46.183","3306","invoice"
"Test 2","142.93.46.183","3306","invoice"
"Test 3","142.93.46.183","3306","invoice"
"Test 1","142.93.46.183","3306","invoice"
"Test 2","142.93.46.183","3306","invoice"
"Test 3","142.93.46.183","3306","invoice"